{
    "loss": [
        0.4595126829791086,
        0.33756433406481623,
        0.31324782720223737,
        0.29919140020983204,
        0.2897366184903576,
        0.28134441807254623,
        0.2744311327373953,
        0.26722851146661736,
        0.2626638830378189,
        0.2569112788446766,
        0.2523584220289264,
        0.24654714215978224,
        0.24227051988059237,
        0.2391918456080866,
        0.23549759374196622,
        0.2312408117187656,
        0.2281430097233693,
        0.22466953914348356,
        0.2205582884332719,
        0.21790151346445016,
        0.21483001889114145,
        0.211925500247088,
        0.20889759688838525,
        0.2060238664466474,
        0.20256294059161742,
        0.19942843350253606,
        0.19688514914254798,
        0.19454521107566278,
        0.19234284965296158,
        0.19014417963491917,
        0.1863797979512605,
        0.1838454444788023,
        0.18142117660166984,
        0.1787676718084803,
        0.17676991420190796,
        0.1741512292356509,
        0.17245493075656004
    ],
    "acc": [
        0.8663270473480225,
        0.8991165161132812,
        0.9063627123832703,
        0.9103845357894897,
        0.9127598404884338,
        0.9148750305175781,
        0.9172889590263367,
        0.9189032912254333,
        0.9201564788818359,
        0.9217450022697449,
        0.9229466319084167,
        0.924354612827301,
        0.9256163835525513,
        0.9261301159858704,
        0.9276735186576843,
        0.9288386106491089,
        0.9296640157699585,
        0.9309731125831604,
        0.9319661855697632,
        0.932651937007904,
        0.9335482716560364,
        0.9344102740287781,
        0.9354248642921448,
        0.9358483552932739,
        0.9368414282798767,
        0.9378237724304199,
        0.9384471774101257,
        0.9392919540405273,
        0.9399152994155884,
        0.9405816793441772,
        0.9419745802879333,
        0.9423593878746033,
        0.9433073401451111,
        0.9437479972839355,
        0.9442359209060669,
        0.9451022148132324,
        0.945820152759552
    ],
    "val_loss": [
        0.3673426486227886,
        0.3359185757593621,
        0.31508048566534685,
        0.30704479045395244,
        0.30398183780098764,
        0.30388930035962125,
        0.29623562723564834,
        0.2912834049529783,
        0.2882779435717691,
        0.29192450583604934,
        0.2874116600032553,
        0.2841214257660557,
        0.28354654325036927,
        0.28097873513008703,
        0.2820551985339772,
        0.2792447641307683,
        0.27800252600362474,
        0.2789576636402355,
        0.2791992459525539,
        0.27531938871364403,
        0.27493273904871945,
        0.2749709078425495,
        0.2737320594140619,
        0.27833451549894,
        0.27316437450833164,
        0.2793339423457495,
        0.27271380289310626,
        0.27650575679178907,
        0.27357280041214366,
        0.27561159644651595,
        0.27459818286031484,
        0.274722931769759,
        0.2764998878484788,
        0.2765094428157362,
        0.2788440172466698,
        0.27708981934841814,
        0.2813673489027385
    ],
    "val_acc": [
        0.8905225396156311,
        0.8998084664344788,
        0.9060184359550476,
        0.9083786606788635,
        0.909423291683197,
        0.9083012342453003,
        0.9120543003082275,
        0.9136406779289246,
        0.9146853685379028,
        0.9152076840400696,
        0.9148207902908325,
        0.9163490533828735,
        0.9164844751358032,
        0.9169101119041443,
        0.9167746901512146,
        0.9177613258361816,
        0.9173937439918518,
        0.9181289076805115,
        0.9166779518127441,
        0.9193089604377747,
        0.9195604920387268,
        0.9190188050270081,
        0.918593168258667,
        0.9197152256965637,
        0.9212048649787903,
        0.9198312759399414,
        0.9203149676322937,
        0.9206051230430603,
        0.9201408624649048,
        0.9195217490196228,
        0.921746551990509,
        0.9212435483932495,
        0.9215917587280273,
        0.920759916305542,
        0.9208372831344604,
        0.9223849177360535,
        0.9218626022338867
    ],
    "train_time": 673.9494984149933,
    "test_acc": 0.9681158065795898,
    "test_time": 3.146122455596924
}