{
    "loss": [
        3.1855945919716304,
        1.5472529781222852,
        1.2807665142378581,
        1.0741883860381374,
        0.9096241352895803,
        0.7798993911098513,
        0.6751027105959697,
        0.5996887163287066,
        0.5453205317770466,
        0.5088468142845086,
        0.4845210888099264,
        0.47233789161551143,
        0.468933738991938,
        0.46134671121196164,
        0.46236480312030187,
        0.4591702483114764,
        0.45863564894434744,
        0.4615496622774226,
        0.45689074893366133,
        0.4576950737079324,
        0.4608365519236087,
        0.4578204847584464,
        0.4566415486289709,
        0.45593925204144065,
        0.4562825250395382,
        0.4562383712361301,
        0.4552112211485275,
        0.45232213963254825,
        0.4526207150947381,
        0.45339315957010035,
        0.4547116721904327,
        0.4552058303816633,
        0.4508612867077019,
        0.4524458527820816,
        0.4495466519067215,
        0.4509076981969143,
        0.45122737715684286,
        0.4510525980476654,
        0.447467333449315,
        0.4519481690272745,
        0.4509879240662247,
        0.4494265428556394,
        0.4478524052917702,
        0.44860745058295054,
        0.4475400261101294,
        0.4457129031547661,
        0.445981613428296,
        0.4509324703861203,
        0.4461424024575771,
        0.4476720840378379,
        0.4461986798585228,
        0.44818366213417893,
        0.44533430027091964,
        0.4445481103377283,
        0.44636534902670855,
        0.44585161301199416,
        0.44555615688086553,
        0.44287535369140363,
        0.4458235222126798,
        0.4418185018162872,
        0.44461245016222883,
        0.44380395357445074,
        0.44302820628548883,
        0.4439677844871269
    ],
    "categorical_accuracy": [
        0.7585370949761314,
        0.8329547302149896,
        0.8539434901634501,
        0.8652186799202871,
        0.8719650523601182,
        0.875743305862207,
        0.8793427344299708,
        0.8816608438676027,
        0.8832337013385846,
        0.8840718389580704,
        0.8850386261684199,
        0.8851564483069569,
        0.884685469799288,
        0.8851012673244969,
        0.8837531160387376,
        0.884154301472489,
        0.88422409518594,
        0.8831817915767062,
        0.8843418148709993,
        0.883574493709042,
        0.8824998976846624,
        0.8832594531032675,
        0.8838288372166686,
        0.8839172280909179,
        0.8838015546614534,
        0.8833742090560859,
        0.8841157789649894,
        0.884361945508377,
        0.8844040463410742,
        0.8840444512633305,
        0.8838476400518631,
        0.8839301055081431,
        0.8838808499436527,
        0.8840414891938817,
        0.8841953823750631,
        0.8845400567218485,
        0.8842059064320749,
        0.8836903740919719,
        0.8845652983935621,
        0.8835240129237532,
        0.8839890662692657,
        0.8845975887621944,
        0.8844346012680333,
        0.8840857342589061,
        0.8845121616201862,
        0.8848293490164284,
        0.8842944011667779,
        0.8831156757000712,
        0.8845088902716995,
        0.8840135928131491,
        0.8846217033177495,
        0.8842197038840849,
        0.8843021676775741,
        0.8847413650142292,
        0.8840542613436749,
        0.8841555287397997,
        0.8845056204580963,
        0.8849752715473022,
        0.883987942222875,
        0.8854338840097837,
        0.8850400573194286,
        0.8852407526816433,
        0.8853708370049126,
        0.8851908850823358
    ],
    "val_loss": [
        1.6504161357879639,
        1.3572261333465576,
        1.139427900314331,
        0.9531725645065308,
        0.8140610456466675,
        0.7047804594039917,
        0.6056010723114014,
        0.5473797917366028,
        0.5021255612373352,
        0.4732004404067993,
        0.4616229236125946,
        0.4430457353591919,
        0.4400225877761841,
        0.4430205225944519,
        0.44635799527168274,
        0.4353106915950775,
        0.4373684823513031,
        0.4280887246131897,
        0.44443225860595703,
        0.43829864263534546,
        0.4442121982574463,
        0.42816105484962463,
        0.4341171681880951,
        0.42969971895217896,
        0.4299495220184326,
        0.4350031018257141,
        0.42829328775405884,
        0.42376041412353516,
        0.43972718715667725,
        0.4388570487499237,
        0.4355534315109253,
        0.42656081914901733,
        0.4221399426460266,
        0.43475085496902466,
        0.43162801861763,
        0.43146878480911255,
        0.4397773742675781,
        0.4251638650894165,
        0.43597012758255005,
        0.43064630031585693,
        0.4295685291290283,
        0.41940760612487793,
        0.4192522168159485,
        0.42709752917289734,
        0.4208373427391052,
        0.41843381524086,
        0.43443405628204346,
        0.4452144503593445,
        0.421867311000824,
        0.4265013337135315,
        0.42413586378097534,
        0.4175863265991211,
        0.4385744035243988,
        0.4076380431652069,
        0.4197933077812195,
        0.423770546913147,
        0.4251768887042999,
        0.41717803478240967,
        0.42396339774131775,
        0.4112098813056946,
        0.40933164954185486,
        0.4234484136104584,
        0.43422064185142517,
        0.4078463017940521
    ],
    "val_categorical_accuracy": [
        0.8349035382270813,
        0.8585633635520935,
        0.8706544637680054,
        0.8796115517616272,
        0.8817589282989502,
        0.8822425603866577,
        0.8876786828041077,
        0.8886266350746155,
        0.8901743292808533,
        0.8911029100418091,
        0.8891683220863342,
        0.892418384552002,
        0.8923217058181763,
        0.8890329003334045,
        0.8909868001937866,
        0.8908126950263977,
        0.8917025923728943,
        0.8940628170967102,
        0.8884912133216858,
        0.8903871178627014,
        0.8895359039306641,
        0.8920895457267761,
        0.8898067474365234,
        0.8915865421295166,
        0.8908707499504089,
        0.8906192779541016,
        0.8926312327384949,
        0.8919347524642944,
        0.8894585371017456,
        0.8904258012771606,
        0.8910255432128906,
        0.8915865421295166,
        0.8926699161529541,
        0.8887040019035339,
        0.8910448551177979,
        0.8899421691894531,
        0.887543261051178,
        0.8916252255439758,
        0.8895939588546753,
        0.8902516961097717,
        0.8919347524642944,
        0.8935017585754395,
        0.8932309150695801,
        0.8908320665359497,
        0.8922055959701538,
        0.8935017585754395,
        0.8894391655921936,
        0.8829196691513062,
        0.8937532901763916,
        0.8899227976799011,
        0.8920701742172241,
        0.8935017585754395,
        0.8871757388114929,
        0.8959199786186218,
        0.8929020762443542,
        0.8904644846916199,
        0.8919734358787537,
        0.892244279384613,
        0.8911609649658203,
        0.8953976631164551,
        0.896558403968811,
        0.8920121788978577,
        0.8880075812339783,
        0.8950107097625732
    ],
    "train_time": 227.7809338569641,
    "test_acc": 0.9477675557136536,
    "test_time": 0.26981544494628906
}