{
    "loss": [
        8.259171735680228,
        0.5044219689774228,
        0.38715472219529523,
        0.34806320195244594,
        0.322659354505508,
        0.30630870660978887,
        0.2930074474869774,
        0.28246172167582917,
        0.27151853863899966,
        0.26370249815820607,
        0.2561243368249335,
        0.24803006460098245,
        0.24206944636098726,
        0.2366028650792738,
        0.23248225762305913,
        0.22580982430245014,
        0.22138974886219503,
        0.21763772732034672,
        0.21212288025695422,
        0.20997102906758222,
        0.2058372386779234,
        0.2025203927097387
    ],
    "acc": [
        0.46126264333724976,
        0.8462629914283752,
        0.8793749213218689,
        0.8910406231880188,
        0.8982266187667847,
        0.9024827480316162,
        0.9064379334449768,
        0.9093334078788757,
        0.9119752645492554,
        0.9146407246589661,
        0.9166656136512756,
        0.9187162518501282,
        0.9201242327690125,
        0.9218159317970276,
        0.923028290271759,
        0.9245588183403015,
        0.9260333776473999,
        0.9266374111175537,
        0.9281743764877319,
        0.9287182092666626,
        0.9299563765525818,
        0.9307065606117249
    ],
    "val_loss": [
        0.6409162836244934,
        0.39761389222826515,
        0.36084486138329197,
        0.335466766088866,
        0.3233723653258548,
        0.3167916563279012,
        0.3080951534946013,
        0.3064766438252595,
        0.30657365987460505,
        0.3047101041070565,
        0.3059364136896726,
        0.3045603276868435,
        0.30610896042322167,
        0.3133759721846956,
        0.3091026599711936,
        0.31805753753663624,
        0.3157085704946681,
        0.31839111714564106,
        0.32135628926096965,
        0.3217741610094499,
        0.33083656716385024,
        0.3380328447444784
    ],
    "val_acc": [
        0.8125011920928955,
        0.8778897523880005,
        0.8893231153488159,
        0.8974676728248596,
        0.9003114700317383,
        0.9014528393745422,
        0.9058443307876587,
        0.9076628684997559,
        0.9071211814880371,
        0.9081465005874634,
        0.9101584553718567,
        0.9096941351890564,
        0.9092298746109009,
        0.9089396595954895,
        0.9118608832359314,
        0.9116867780685425,
        0.9122284054756165,
        0.9111064076423645,
        0.9114546179771423,
        0.9115126132965088,
        0.9109709858894348,
        0.9119576215744019
    ],
    "train_time": 196.25429558753967,
    "test_acc": 0.962668240070343,
    "test_time": 2.6638214588165283
}