{
    "loss": [
        0.8937406387763135,
        0.33850727505312955,
        0.29294821553491046,
        0.25824589263039605,
        0.23280127447029067,
        0.2125635002423321,
        0.196197585683039,
        0.18180022599124604,
        0.1709107906798633,
        0.159462834128891,
        0.15207518461874434,
        0.14403076411617743,
        0.1372422492746787,
        0.13129232059716178,
        0.12567660135321973
    ],
    "categorical_accuracy": [
        0.8309730887413025,
        0.8952730894088745,
        0.9073300361633301,
        0.9167515635490417,
        0.9233614802360535,
        0.9295544028282166,
        0.9339545369148254,
        0.9377421140670776,
        0.9409986734390259,
        0.9446551203727722,
        0.9466584920883179,
        0.9493647813796997,
        0.9513058662414551,
        0.9532297253608704,
        0.9555254578590393
    ],
    "val_loss": [
        0.35402558291219693,
        0.31079985325172393,
        0.29392729143848595,
        0.2876832283666758,
        0.2833624825592725,
        0.294007036537817,
        0.2896251260037371,
        0.29777153143305557,
        0.30053346919696555,
        0.3206834140531176,
        0.34026404898392804,
        0.3470086845483389,
        0.35272143673514883,
        0.3506140861489368,
        0.3641208556625437
    ],
    "val_categorical_accuracy": [
        0.8921088576316833,
        0.9042193293571472,
        0.9107968211174011,
        0.9132344126701355,
        0.9157106876373291,
        0.9167360067367554,
        0.9171229004859924,
        0.9156139492988586,
        0.9183610081672668,
        0.9182255864143372,
        0.9170068502426147,
        0.9163297414779663,
        0.9177032709121704,
        0.9198312759399414,
        0.9189413785934448
    ],
    "train_time": 253.86881971359253,
    "test_acc": 0.9645909070968628,
    "test_time": 2.9909019470214844
}
