{
    "loss": [
        1.8076475412293052,
        0.592762647204645,
        0.5130980798870708,
        0.4677868557718181,
        0.44156658860491127,
        0.4224558046703181,
        0.4064246330394256,
        0.39135957301430413,
        0.38112971826172704,
        0.3729876327156513,
        0.36629944438586415,
        0.35644505585467856,
        0.34943390122810675,
        0.3461614715439057,
        0.34066684365016714,
        0.33512463251152796,
        0.33095713576917446,
        0.3287698149425277,
        0.3245321520856006,
        0.321519556795067,
        0.3179760274073595,
        0.31372279571489187,
        0.3123646099040437,
        0.3080047111590531,
        0.3046857343083292,
        0.30274013231624347,
        0.2988858611478824,
        0.2993655594889188,
        0.2942629778525861,
        0.29385738090767854,
        0.2918304436132631,
        0.28949289916027227,
        0.2874043870061764,
        0.2878663239305111,
        0.2852114713051289,
        0.2829897034705453,
        0.2839909472179006,
        0.28033812846109074,
        0.2793749609858183,
        0.2763743938102743,
        0.27525033545980104,
        0.2745236804620902,
        0.27171550451302223,
        0.2733891394644846,
        0.27152343992895345,
        0.2702376536801139,
        0.26902002838036543,
        0.26844348748866065
    ],
    "categorical_accuracy": [
        0.7507464739098338,
        0.8257719173451857,
        0.844947167860079,
        0.8565153271087761,
        0.8643163699704691,
        0.8699479847506917,
        0.8745399554911618,
        0.8787751896186973,
        0.8818434502433825,
        0.8839629064813719,
        0.8862349278425458,
        0.8893606171587514,
        0.8911357057708528,
        0.8921663596138941,
        0.89365113485013,
        0.895354180121115,
        0.8966020852199447,
        0.8977751877686494,
        0.8982684448553258,
        0.8994962188051487,
        0.900354384480627,
        0.9015897186273152,
        0.9020497646710381,
        0.9032813194227826,
        0.9042693632355049,
        0.9047591459853445,
        0.9059236662326451,
        0.905841814857695,
        0.907136214265494,
        0.9071969136659668,
        0.9078620476528289,
        0.9087281830832672,
        0.9092060072995038,
        0.9091509291542432,
        0.9098858573661843,
        0.910428674052199,
        0.9105001020329175,
        0.9112972613312136,
        0.9113562232434989,
        0.9123977124690995,
        0.9129377690507607,
        0.9126752516486603,
        0.9137977727492974,
        0.9133034956045913,
        0.9139989794835508,
        0.9142571026419343,
        0.9149882496682339,
        0.9150419987322419
    ],
    "val_loss": [
        0.5993199944496155,
        0.5123805403709412,
        0.45848891139030457,
        0.43467816710472107,
        0.41535231471061707,
        0.39478614926338196,
        0.39107102155685425,
        0.37693729996681213,
        0.36924052238464355,
        0.36624377965927124,
        0.36499810218811035,
        0.35762596130371094,
        0.35521966218948364,
        0.34756553173065186,
        0.3484676480293274,
        0.343868225812912,
        0.34517383575439453,
        0.33795255422592163,
        0.3410727381706238,
        0.3375129699707031,
        0.331816703081131,
        0.3374059498310089,
        0.3401426374912262,
        0.3342544138431549,
        0.33387669920921326,
        0.3361364006996155,
        0.33066949248313904,
        0.32779037952423096,
        0.3314838409423828,
        0.32888519763946533,
        0.33163824677467346,
        0.3380661606788635,
        0.33202317357063293,
        0.3489329516887665,
        0.3367689251899719,
        0.33737149834632874,
        0.3401436507701874,
        0.3408662676811218,
        0.33626630902290344,
        0.3359943926334381,
        0.3349766135215759,
        0.330973356962204,
        0.3388856053352356,
        0.3350009024143219,
        0.3440336585044861,
        0.3468315601348877,
        0.3405097424983978,
        0.3385564386844635
    ],
    "val_categorical_accuracy": [
        0.827648937702179,
        0.8480586409568787,
        0.8609815835952759,
        0.8664564490318298,
        0.8724342584609985,
        0.880153238773346,
        0.8791085481643677,
        0.8834033012390137,
        0.8857441544532776,
        0.8870209455490112,
        0.8876786828041077,
        0.8904838562011719,
        0.8937532901763916,
        0.8942175507545471,
        0.8929600715637207,
        0.8954169750213623,
        0.896558403968811,
        0.8964036107063293,
        0.8962295055389404,
        0.8977384567260742,
        0.8984349370002747,
        0.898125410079956,
        0.8994989395141602,
        0.898860514163971,
        0.9002341032028198,
        0.8989185690879822,
        0.9005823135375977,
        0.9007370471954346,
        0.9032520055770874,
        0.9018204212188721,
        0.9022847414016724,
        0.9009885787963867,
        0.9020525813102722,
        0.9025362133979797,
        0.901994526386261,
        0.9021686315536499,
        0.9018591046333313,
        0.9030392169952393,
        0.9029618501663208,
        0.9045094847679138,
        0.9035228490829468,
        0.9037936925888062,
        0.9023040533065796,
        0.904567539691925,
        0.902981162071228,
        0.9049157500267029,
        0.9045288562774658,
        0.9054380655288696
    ],
    "train_time": 149.7224681377411,
    "test_acc": 0.9544435143470764,
    "test_time": 0.26964688301086426
}