{
    "loss": [
        3.7166421827211447,
        0.3702085403292806,
        0.30893630401978134,
        0.27483144786748354,
        0.24673611824721733,
        0.22403503853448709,
        0.2058450837147205,
        0.18963596599163673,
        0.17533862345303886,
        0.1658244734625064,
        0.15390769806269206,
        0.14533820594452035,
        0.1385064197002756,
        0.12967828137351703,
        0.12484757997525922
    ],
    "acc": [
        0.6582425236701965,
        0.8867522478103638,
        0.9034005999565125,
        0.9130048751831055,
        0.9205648899078369,
        0.9267341494560242,
        0.9321145415306091,
        0.9365963935852051,
        0.9409148693084717,
        0.9438834190368652,
        0.9473141431808472,
        0.9498054385185242,
        0.9524408578872681,
        0.9550848007202148,
        0.9567077159881592
    ],
    "val_loss": [
        0.3957257818118101,
        0.326775513310189,
        0.3067257240685885,
        0.3025213490166027,
        0.2970229716555429,
        0.30644148206621336,
        0.31642201616998333,
        0.32019055773007543,
        0.34054770653711053,
        0.3440839452134096,
        0.3566288111563454,
        0.3691452670730631,
        0.3815586097961225,
        0.41956290744860664,
        0.4141267032703639
    ],
    "val_acc": [
        0.8806368708610535,
        0.9003888368606567,
        0.9082238674163818,
        0.9096748232841492,
        0.9133892059326172,
        0.9138921499252319,
        0.9119963049888611,
        0.9161362648010254,
        0.9154398441314697,
        0.9161362648010254,
        0.9160975813865662,
        0.9161169528961182,
        0.9159815311431885,
        0.9177806377410889,
        0.9165812134742737
    ],
    "train_time": 253.72803044319153,
    "test_acc": 0.9634693264961243,
    "test_time": 3.0205461978912354
}