{
    "loss": [
        2.802443826403229,
        1.4652395419808406,
        1.1741223417126565,
        0.9607311913128066,
        0.7992726537546881,
        0.6822717522346923,
        0.5961146651419447,
        0.5379868747722436,
        0.5042964035221438,
        0.4824582108740129,
        0.4693684077186134,
        0.46360273122020057,
        0.46075961192022574,
        0.4588071941178248,
        0.4564414605690174,
        0.457395659303972,
        0.45889486423633613,
        0.4597159879913659,
        0.45603182208384563,
        0.4568031111116574,
        0.4554614720170591,
        0.45695940178095523,
        0.453334154553168,
        0.45195578409622705,
        0.4524038515249549,
        0.4535272237824783,
        0.4530065433150193,
        0.4512923615045298,
        0.44875202382327145,
        0.45312117730854945,
        0.4498536596354494,
        0.44895480387712217,
        0.45151119471363754,
        0.44922541663882,
        0.45083604394877946,
        0.4497449966587228,
        0.4492476472527172,
        0.4459197561500406,
        0.44667001663359457,
        0.44865913043206324,
        0.44896705825953026,
        0.4476535320921516,
        0.4474667310714725,
        0.44594353514167884,
        0.44609526835797686,
        0.4450559406321449,
        0.44403104458499904,
        0.44863596059733635,
        0.44544379381151167,
        0.44523638358955253,
        0.44473847081732854,
        0.4475645691540105,
        0.4446091694765337,
        0.4451725269336046,
        0.44633252368720266,
        0.44256570896877234,
        0.44237964520382794,
        0.44408346271310234,
        0.44592901354439746,
        0.442728600852479,
        0.4416421667828583,
        0.4437575550038417,
        0.4419290015370033,
        0.4450206396533696,
        0.44191692468946076,
        0.44409712720582395,
        0.4417879573776994,
        0.4429794095232763,
        0.4422165133666581
    ],
    "acc": [
        2.802443826403229,
        1.4652395419808406,
        1.1741223417126565,
        0.9607311913128066,
        0.7992726537546881,
        0.6822717522346923,
        0.5961146651419447,
        0.5379868747722436,
        0.5042964035221438,
        0.4824582108740129,
        0.4693684077186134,
        0.46360273122020057,
        0.46075961192022574,
        0.4588071941178248,
        0.4564414605690174,
        0.457395659303972,
        0.45889486423633613,
        0.4597159879913659,
        0.45603182208384563,
        0.4568031111116574,
        0.4554614720170591,
        0.45695940178095523,
        0.453334154553168,
        0.45195578409622705,
        0.4524038515249549,
        0.4535272237824783,
        0.4530065433150193,
        0.4512923615045298,
        0.44875202382327145,
        0.45312117730854945,
        0.4498536596354494,
        0.44895480387712217,
        0.45151119471363754,
        0.44922541663882,
        0.45083604394877946,
        0.4497449966587228,
        0.4492476472527172,
        0.4459197561500406,
        0.44667001663359457,
        0.44865913043206324,
        0.44896705825953026,
        0.4476535320921516,
        0.4474667310714725,
        0.44594353514167884,
        0.44609526835797686,
        0.4450559406321449,
        0.44403104458499904,
        0.44863596059733635,
        0.44544379381151167,
        0.44523638358955253,
        0.44473847081732854,
        0.4475645691540105,
        0.4446091694765337,
        0.4451725269336046,
        0.44633252368720266,
        0.44256570896877234,
        0.44237964520382794,
        0.44408346271310234,
        0.44592901354439746,
        0.442728600852479,
        0.4416421667828583,
        0.4437575550038417,
        0.4419290015370033,
        0.4450206396533696,
        0.44191692468946076,
        0.44409712720582395,
        0.4417879573776994,
        0.4429794095232763,
        0.4422165133666581
    ],
    "val_loss": [
        1.5978739261627197,
        1.2702010869979858,
        1.0360475778579712,
        0.8384386897087097,
        0.7082288861274719,
        0.6091854572296143,
        0.5434249043464661,
        0.5064655542373657,
        0.4731697738170624,
        0.44896063208580017,
        0.446914404630661,
        0.4450203776359558,
        0.455232173204422,
        0.44077926874160767,
        0.4417952299118042,
        0.43958157300949097,
        0.4373473525047302,
        0.4492211937904358,
        0.43096721172332764,
        0.44332876801490784,
        0.4366822838783264,
        0.4385508894920349,
        0.4407556653022766,
        0.4282724857330322,
        0.43219655752182007,
        0.43153876066207886,
        0.4375588297843933,
        0.42702722549438477,
        0.435504674911499,
        0.431380957365036,
        0.4245118200778961,
        0.42947015166282654,
        0.44568848609924316,
        0.4359130263328552,
        0.4417566955089569,
        0.4261854887008667,
        0.4312865436077118,
        0.4193597137928009,
        0.4347928762435913,
        0.4372120797634125,
        0.43415766954421997,
        0.4279157519340515,
        0.4288216233253479,
        0.42019838094711304,
        0.42929211258888245,
        0.42361515760421753,
        0.41811758279800415,
        0.4238095283508301,
        0.42029672861099243,
        0.4161761403083801,
        0.41765615344047546,
        0.4238179326057434,
        0.42462968826293945,
        0.42616501450538635,
        0.42533040046691895,
        0.4276246130466461,
        0.4209216237068176,
        0.4286368787288666,
        0.41347214579582214,
        0.42586255073547363,
        0.4196149408817291,
        0.4241967499256134,
        0.42266368865966797,
        0.428021103143692,
        0.41610872745513916,
        0.4172399640083313,
        0.41883426904678345,
        0.4174506366252899,
        0.4313994348049164
    ],
    "val_acc": [
        0.8366640210151672,
        0.8580604195594788,
        0.8687779307365417,
        0.8794374465942383,
        0.8834033012390137,
        0.8876786828041077,
        0.8874272108078003,
        0.8865953683853149,
        0.8901549577713013,
        0.8933470249176025,
        0.890677273273468,
        0.8911415934562683,
        0.8876980543136597,
        0.8909481167793274,
        0.8894972205162048,
        0.8908901214599609,
        0.8901355862617493,
        0.8888394236564636,
        0.8927666544914246,
        0.88756263256073,
        0.8912383317947388,
        0.8895552158355713,
        0.8905999064445496,
        0.8933470249176025,
        0.8913156986236572,
        0.890271008014679,
        0.8898260593414307,
        0.8925151228904724,
        0.8894391655921936,
        0.8913543820381165,
        0.8933663368225098,
        0.8928633332252502,
        0.8892456889152527,
        0.8901936411857605,
        0.8904258012771606,
        0.8932889699935913,
        0.8907933831214905,
        0.8942756056785583,
        0.8921862840652466,
        0.8890909552574158,
        0.8894778490066528,
        0.892244279384613,
        0.8911996483802795,
        0.8930568099021912,
        0.8919347524642944,
        0.8917993307113647,
        0.8948172926902771,
        0.8933857083320618,
        0.894024133682251,
        0.8939273953437805,
        0.8938499689102173,
        0.892844021320343,
        0.8924764394760132,
        0.8913737535476685,
        0.8916639089584351,
        0.8915091753005981,
        0.892244279384613,
        0.8896713256835938,
        0.8947979211807251,
        0.8932309150695801,
        0.8928827047348022,
        0.8920508623123169,
        0.8923797011375427,
        0.8902323246002197,
        0.894004762172699,
        0.8933083415031433,
        0.8925151228904724,
        0.8928053379058838,
        0.889690637588501
    ],
    "train_time": 239.24486541748047,
    "test_acc": 0.9480879902839661,
    "test_time": 0.2557356357574463
}