{
    "loss": [
        0.44954230578526216,
        0.3367774273458442,
        0.3145607300893077,
        0.30141098579862574,
        0.29281026089591955,
        0.28543085788043565,
        0.27879776503570525,
        0.2738764356057915,
        0.2682262903251918,
        0.26429019550818117,
        0.2581939130521175,
        0.25450489715410196,
        0.25717037702408296,
        0.2485683706561076,
        0.24346482334371225,
        0.2391389944273501,
        0.2369212048008411,
        0.23259882105402338,
        0.2298418298658051,
        0.22652642915778845,
        0.22310991550116616,
        0.21957221569835786,
        0.21785436029319763,
        0.21378443574613784,
        0.21682120045041517,
        0.20792351413174417,
        0.20555752178089567,
        0.20265010670325545,
        0.20046893514337077,
        0.19717868732542768,
        0.19380804508875157,
        0.19102515286428726,
        0.18903142458570604,
        0.18720064293753724,
        0.18475012827756462,
        0.18130170441317525,
        0.18402276721227784
    ],
    "acc": [
        0.8684443831443787,
        0.8987059593200684,
        0.9049418568611145,
        0.9090131521224976,
        0.9113324880599976,
        0.9134283661842346,
        0.9154231548309326,
        0.9166097044944763,
        0.9185636639595032,
        0.9192687273025513,
        0.9212398529052734,
        0.9223039150238037,
        0.921379566192627,
        0.9237183332443237,
        0.9255819916725159,
        0.9264482855796814,
        0.9273253083229065,
        0.9281743764877319,
        0.9294942021369934,
        0.9301176071166992,
        0.9307817816734314,
        0.9319661855697632,
        0.9324670433998108,
        0.9337460398674011,
        0.9329829812049866,
        0.9354614019393921,
        0.9360052347183228,
        0.936815619468689,
        0.9373229146003723,
        0.9383654594421387,
        0.9395391345024109,
        0.9401216506958008,
        0.9409471154212952,
        0.9413705468177795,
        0.942193865776062,
        0.9429741501808167,
        0.94195955991745
    ],
    "val_loss": [
        0.35815340736581996,
        0.3351028140637397,
        0.317831726997479,
        0.3153978876027382,
        0.31091059856640707,
        0.30215309099032006,
        0.30359277069385293,
        0.2972825628178088,
        0.30284448846808826,
        0.29366787945626216,
        0.2900793729969579,
        0.29138268578135773,
        0.28867180216831534,
        0.2874449583621631,
        0.2831712876623131,
        0.2883785866809614,
        0.28208331387518215,
        0.28192472694212606,
        0.2854968286525057,
        0.2815076884928934,
        0.2783116478709981,
        0.2783846824744922,
        0.2798101030861918,
        0.2836733881911459,
        0.2789561336250037,
        0.2762383587984299,
        0.2739694597213,
        0.2749993409917861,
        0.28339257429068626,
        0.27470180284912155,
        0.27992612973378206,
        0.2760830317174368,
        0.2801249436260836,
        0.2781088781644855,
        0.27584105171209167,
        0.2780486068957635,
        0.2803868677092568
    ],
    "val_acc": [
        0.8914898037910461,
        0.8990733623504639,
        0.9053220152854919,
        0.9049931168556213,
        0.9064827561378479,
        0.908456027507782,
        0.9092491865158081,
        0.9109709858894348,
        0.9087074995040894,
        0.9113772511482239,
        0.9130796194076538,
        0.9129829406738281,
        0.913157045841217,
        0.913718044757843,
        0.9151690006256104,
        0.9154011607170105,
        0.9156332612037659,
        0.9166392683982849,
        0.9165038466453552,
        0.9167553186416626,
        0.9165038466453552,
        0.9171809554100037,
        0.9166973233222961,
        0.9175485372543335,
        0.9188446998596191,
        0.9189026951789856,
        0.9200441241264343,
        0.919579803943634,
        0.918032169342041,
        0.9190768003463745,
        0.9196378588676453,
        0.9204310178756714,
        0.919599175453186,
        0.9197345972061157,
        0.9209146499633789,
        0.9212048649787903,
        0.9209340214729309
    ],
    "train_time": 675.5148963928223,
    "test_acc": 0.9687032699584961,
    "test_time": 3.073923349380493
}