{
    "loss": [
        0.4184110332488199,
        0.3252283918040559,
        0.30148809785271374,
        0.28636617284324273,
        0.2761194669786475,
        0.2692544907683808,
        0.2627893544383425,
        0.25795629922028235,
        0.25272338386275994,
        0.24955578887761592,
        0.24673479290022102,
        0.24328484237101172,
        0.24077656201781072,
        0.23711082139869544,
        0.23564078937871638,
        0.23379151909257975,
        0.23232478553829974,
        0.22989530991279608,
        0.22867544342917212,
        0.22663248594042237,
        0.22500783667450494,
        0.22368972325908426,
        0.2224398509408924,
        0.2211955682599375
    ],
    "categorical_accuracy": [
        0.8747382760047913,
        0.9006770849227905,
        0.9071924686431885,
        0.9115646481513977,
        0.9143655300140381,
        0.9163969159126282,
        0.9184991717338562,
        0.9196986556053162,
        0.9210055470466614,
        0.9217235445976257,
        0.9229487776756287,
        0.9234797358512878,
        0.9242449402809143,
        0.9253713488578796,
        0.9258829355239868,
        0.9261731505393982,
        0.926910400390625,
        0.9274112582206726,
        0.9276863932609558,
        0.9282581806182861,
        0.9288987517356873,
        0.9294426441192627,
        0.9298617839813232,
        0.9296833872795105
    ],
    "val_loss": [
        0.3422365273662467,
        0.309820468824468,
        0.3053012455080056,
        0.29318780589995275,
        0.28640045786586676,
        0.2898579432487128,
        0.2830687504990993,
        0.27723947999988946,
        0.2795585299141392,
        0.2790146979469876,
        0.28360717182985873,
        0.2781655138346907,
        0.27708896420752926,
        0.27614915966341874,
        0.2806993436455088,
        0.28382416013496,
        0.2804158254427299,
        0.2812277938601186,
        0.2807897497154805,
        0.2844401198210104,
        0.286053354432301,
        0.28346691415933545,
        0.27930199488862256,
        0.2847498276809944
    ],
    "val_categorical_accuracy": [
        0.8963068723678589,
        0.9064053893089294,
        0.9060378074645996,
        0.9100423455238342,
        0.9125379920005798,
        0.9107775092124939,
        0.9132150411605835,
        0.9150722622871399,
        0.9144532084465027,
        0.9146466255187988,
        0.9139502048492432,
        0.9152657389640808,
        0.91530442237854,
        0.9153624176979065,
        0.9156332612037659,
        0.9139695763587952,
        0.9152076840400696,
        0.9156913161277771,
        0.9166005849838257,
        0.9142403602600098,
        0.9147820472717285,
        0.9150142073631287,
        0.9167166352272034,
        0.9144918918609619
    ],
    "train_time": 843.3634362220764,
    "test_acc": 0.965178370475769,
    "test_time": 2.8094570636749268
}