{
    "loss": [
        2.809651639328496,
        1.482518346524546,
        1.176188292165682,
        0.9555332614628534,
        0.7980457887117435,
        0.6785572230048443,
        0.596039664591842,
        0.5400885255295833,
        0.506708361240416,
        0.48323438703502225,
        0.470741920205145,
        0.46783313257499853,
        0.4594675097214814,
        0.46026718245555404,
        0.45760347838053905,
        0.45915887341734746,
        0.4607795042669315,
        0.460187364801317,
        0.4595945858648404,
        0.4571452726621998,
        0.46035795630047743,
        0.4556170267096922,
        0.45582784916965746,
        0.4539847141811267,
        0.4572649268121679,
        0.4539055496198421,
        0.45482046211482113,
        0.45209675036019026,
        0.4524789603483012,
        0.4517174005636333,
        0.45055979976326616,
        0.4505527384675107,
        0.4502003854820144,
        0.4501730304035499,
        0.4514240251590253,
        0.4527601136670093,
        0.45116636150640466,
        0.44870172357866195,
        0.44960530294113443,
        0.4456055691313845,
        0.44914887199586057
    ],
    "acc": [
        2.809651639328496,
        1.482518346524546,
        1.176188292165682,
        0.9555332614628534,
        0.7980457887117435,
        0.6785572230048443,
        0.596039664591842,
        0.5400885255295833,
        0.506708361240416,
        0.48323438703502225,
        0.470741920205145,
        0.46783313257499853,
        0.4594675097214814,
        0.46026718245555404,
        0.45760347838053905,
        0.45915887341734746,
        0.4607795042669315,
        0.460187364801317,
        0.4595945858648404,
        0.4571452726621998,
        0.46035795630047743,
        0.4556170267096922,
        0.45582784916965746,
        0.4539847141811267,
        0.4572649268121679,
        0.4539055496198421,
        0.45482046211482113,
        0.45209675036019026,
        0.4524789603483012,
        0.4517174005636333,
        0.45055979976326616,
        0.4505527384675107,
        0.4502003854820144,
        0.4501730304035499,
        0.4514240251590253,
        0.4527601136670093,
        0.45116636150640466,
        0.44870172357866195,
        0.44960530294113443,
        0.4456055691313845,
        0.44914887199586057
    ],
    "val_loss": [
        1.6175445318222046,
        1.262505054473877,
        1.010671615600586,
        0.8306400775909424,
        0.7018224000930786,
        0.6046812534332275,
        0.5399459004402161,
        0.4955512583255768,
        0.46812838315963745,
        0.4514380693435669,
        0.4524531066417694,
        0.44464871287345886,
        0.4314676523208618,
        0.4325229823589325,
        0.439423143863678,
        0.4392421245574951,
        0.4276478588581085,
        0.4305737614631653,
        0.4272133708000183,
        0.42705440521240234,
        0.4299972653388977,
        0.4271950423717499,
        0.4307841360569,
        0.43181830644607544,
        0.4328576624393463,
        0.4260079264640808,
        0.43313243985176086,
        0.42803287506103516,
        0.4237755239009857,
        0.4216653108596802,
        0.4157397747039795,
        0.4295150935649872,
        0.4351919889450073,
        0.4308679401874542,
        0.4454323649406433,
        0.4286265969276428,
        0.4316611588001251,
        0.4228064715862274,
        0.42212387919425964,
        0.4239072799682617,
        0.4220865070819855
    ],
    "val_acc": [
        0.8330656886100769,
        0.8586987853050232,
        0.8743301630020142,
        0.88212651014328,
        0.8857247829437256,
        0.8887040019035339,
        0.8897680640220642,
        0.8904451727867126,
        0.8910448551177979,
        0.8917025923728943,
        0.8901936411857605,
        0.8893037438392639,
        0.8930568099021912,
        0.8931535482406616,
        0.8911222219467163,
        0.8906385898590088,
        0.8926118612289429,
        0.8923603892326355,
        0.8930181264877319,
        0.8917413353919983,
        0.8933857083320618,
        0.892244279384613,
        0.8914317488670349,
        0.8900195360183716,
        0.8910448551177979,
        0.891876757144928,
        0.8906385898590088,
        0.8947399258613586,
        0.8924958109855652,
        0.8927859663963318,
        0.8955137133598328,
        0.892457127571106,
        0.8912189602851868,
        0.8903290629386902,
        0.8870403170585632,
        0.8922055959701538,
        0.891876757144928,
        0.8922055959701538,
        0.8926699161529541,
        0.8937919735908508,
        0.8929020762443542
    ],
    "train_time": 142.0596423149109,
    "test_acc": 0.9481948018074036,
    "test_time": 0.2572777271270752
}