{
    "loss": [
        0.1912676935753997,
        0.13599057948644913,
        0.11490840344008695,
        0.09939982533792746,
        0.09191344707398974,
        0.08562823369526797,
        0.08009376110837643,
        0.07499584454087882,
        0.07176587526730371,
        0.07054252320737646,
        0.06632603930114363,
        0.06517385075528209,
        0.06439245278400542,
        0.07754849809585929,
        0.05991092142045245,
        0.06896968513996009,
        0.0527277121405116,
        0.05330485792778477,
        0.05334805739692618,
        0.05163945012716579
    ],
    "acc": [
        0.9464495778083801,
        0.9617670774459839,
        0.9674990773200989,
        0.9721160531044006,
        0.974377453327179,
        0.9761431217193604,
        0.9776702523231506,
        0.9791136980056763,
        0.9798354506492615,
        0.9800927639007568,
        0.9813604950904846,
        0.981743335723877,
        0.9820383191108704,
        0.9781827926635742,
        0.983230710029602,
        0.9806994199752808,
        0.985416829586029,
        0.9852285385131836,
        0.9853227138519287,
        0.9856929779052734
    ],
    "val_loss": [
        0.1981054673922925,
        0.1414602432072726,
        0.10917522085681668,
        0.10041285555014516,
        0.0969517858804942,
        0.10156092054592888,
        0.0936723808147518,
        0.09934895305890844,
        0.10714132058464243,
        0.09201705400665876,
        0.09518899050072949,
        0.11784711633545719,
        0.12586911205245405,
        0.10209469583879915,
        0.14152747904603039,
        0.09407500337619812,
        0.10072585570763747,
        0.10171141025730589,
        0.10670572647457853,
        0.10030760270271508
    ],
    "val_acc": [
        0.9479045271873474,
        0.9601047039031982,
        0.9706480503082275,
        0.9738863706588745,
        0.9746583104133606,
        0.972944974899292,
        0.9747524261474609,
        0.9725119471549988,
        0.9724366664886475,
        0.9767669439315796,
        0.9754113554954529,
        0.9709304571151733,
        0.9678615927696228,
        0.975524365901947,
        0.9605753421783447,
        0.9784049391746521,
        0.9777647852897644,
        0.9766728281974792,
        0.9736039638519287,
        0.9774823784828186
    ],
    "train_time": 514.3452661037445
}