{
    "loss": [
        4.045479570274,
        0.17106179879219444,
        0.09026761780734416,
        0.0644295028652306,
        0.04893746216677957,
        0.0382967607497617,
        0.03278079591001625,
        0.027475640505414317,
        0.02438854610685397,
        0.019012788327893725,
        0.015612508791188398,
        0.01427437252951441,
        0.013449028030865721,
        0.011652310663420293,
        0.0115390092358683,
        0.010232776041246124,
        0.008714838302694261,
        0.007304656953136954,
        0.007202070307728179,
        0.008372511777216223,
        0.006613918914269932,
        0.006869847580135145
    ],
    "acc": [
        0.5853148102760315,
        0.9470555782318115,
        0.971666693687439,
        0.9797407388687134,
        0.9843703508377075,
        0.9875925779342651,
        0.9894258975982666,
        0.9908148050308228,
        0.9917963147163391,
        0.9937037229537964,
        0.9944629669189453,
        0.9953148365020752,
        0.99529629945755,
        0.9958148002624512,
        0.9963703751564026,
        0.9965555667877197,
        0.9971666932106018,
        0.9977222084999084,
        0.9976296424865723,
        0.9972407221794128,
        0.9979074001312256,
        0.9977962970733643
    ],
    "val_loss": [
        0.2167123407125473,
        0.09982585534453392,
        0.07571855559945107,
        0.0649260263890028,
        0.05876485506693522,
        0.057530795534451805,
        0.05397753727932771,
        0.05953876736263434,
        0.049802795673410095,
        0.04985873276988665,
        0.05050030847390493,
        0.049281492829322815,
        0.05039491939047972,
        0.05613694526255131,
        0.05263811287780603,
        0.052641427144408226,
        0.05213163730998834,
        0.05424691177904606,
        0.04987049972017606,
        0.053892843114833035,
        0.055004545797904335,
        0.05253569781780243
    ],
    "val_acc": [
        0.9369999766349792,
        0.9704999923706055,
        0.9776666760444641,
        0.9810000061988831,
        0.9823333621025085,
        0.9836666584014893,
        0.984000027179718,
        0.984333336353302,
        0.9861666560173035,
        0.9865000247955322,
        0.9861666560173035,
        0.9861666560173035,
        0.9863333106040955,
        0.9851666688919067,
        0.987500011920929,
        0.9866666793823242,
        0.987500011920929,
        0.9861666560173035,
        0.9878333210945129,
        0.9863333106040955,
        0.9869999885559082,
        0.9871666431427002
    ],
    "train_time": 63.065136194229126,
    "test_acc": 0.17662876844406128,
    "test_time": 3.9877119064331055
}