{
    "loss": [
        4.622683234232213,
        1.5292003751804577,
        0.9464925066916086,
        0.756974207807279,
        0.6436458824962128,
        0.5682345974463605,
        0.5122886253849552,
        0.46504988921637697,
        0.43181820210562744,
        0.4069204439286932,
        0.37668927733336316,
        0.35415498818607494,
        0.33896463376239616,
        0.3163238459828318,
        0.3086309953085477,
        0.28944277639828836,
        0.273790402072204,
        0.2651185123170643,
        0.24603311211990403,
        0.2347312862691798,
        0.22681339744671308,
        0.21433656063557496,
        0.2126002484040277,
        0.2011234367987302,
        0.19466307888021098,
        0.18193973252671164,
        0.17904636597395054,
        0.16927574123060055,
        0.16231037807195012,
        0.1576205794497563,
        0.1473757116645075
    ],
    "acc": [
        0.18220563232898712,
        0.4894965887069702,
        0.7036750316619873,
        0.7695014476776123,
        0.8061913251876831,
        0.827471137046814,
        0.8462635278701782,
        0.8597928285598755,
        0.8707284927368164,
        0.8778420090675354,
        0.8872912526130676,
        0.8938283920288086,
        0.898560643196106,
        0.9045668840408325,
        0.9058257937431335,
        0.9125297665596008,
        0.9166097640991211,
        0.9193398952484131,
        0.9249669909477234,
        0.9295627474784851,
        0.930366575717926,
        0.934461772441864,
        0.9337337613105774,
        0.9379502534866333,
        0.939922034740448,
        0.94353187084198,
        0.944502592086792,
        0.9471720457077026,
        0.9488101005554199,
        0.9503875374794006,
        0.954346239566803
    ],
    "val_loss": [
        2.0325168014191033,
        1.0159098552023815,
        0.7841057786842595,
        0.6668408481175868,
        0.5811998087006647,
        0.5099694493963781,
        0.47183876477920256,
        0.45469768912844927,
        0.4362209589713068,
        0.42717208159025205,
        0.41229255632920697,
        0.39943221213874225,
        0.3868212591599416,
        0.40628920885633324,
        0.3860244430416502,
        0.3879444396564162,
        0.3828500867898823,
        0.3834887472960977,
        0.37935716231078226,
        0.3790578700677313,
        0.37156747762798253,
        0.37276288967883686,
        0.3862876884035162,
        0.3819437425155442,
        0.3935323060128391,
        0.3900297946644194,
        0.4249418447764884,
        0.4151166457232315,
        0.4078106272262919,
        0.41522145845705843,
        0.4093416984732803
    ],
    "val_acc": [
        0.31900081038475037,
        0.6830466985702515,
        0.7604422569274902,
        0.7941578030586243,
        0.8206388354301453,
        0.8473928570747375,
        0.8602238893508911,
        0.8665028810501099,
        0.8700518608093262,
        0.8730548620223999,
        0.8751024007797241,
        0.8820638656616211,
        0.883155882358551,
        0.8802893757820129,
        0.8872509002685547,
        0.8850668668746948,
        0.8886159062385559,
        0.8888888955116272,
        0.8939393758773804,
        0.8939393758773804,
        0.8978978991508484,
        0.8974884152412415,
        0.8965328931808472,
        0.8989899158477783,
        0.8946219086647034,
        0.8966693878173828,
        0.8935298919677734,
        0.8957139253616333,
        0.8974884152412415,
        0.8954408764839172,
        0.8950313925743103
    ],
    "train_time": 112.51537084579468,
    "test_acc": 0.8935924768447876,
    "test_time": 4.147406816482544
}